"","TCGA-97-7937","TCGA-62-A472","TCGA-49-6743","TCGA-86-8279","TCGA-55-8208","TCGA-50-6593","TCGA-95-A4VN","TCGA-55-8614","TCGA-86-8668","TCGA-NJ-A4YQ","TCGA-44-2661","TCGA-97-7553","TCGA-50-5068","TCGA-55-5899","TCGA-L9-A7SV","TCGA-93-A4JP","TCGA-NJ-A55R","TCGA-97-A4M7","TCGA-49-4514","TCGA-93-7347","TCGA-95-A4VK","TCGA-44-7667","TCGA-MP-A4TI","TCGA-55-6979","TCGA-44-6778","TCGA-86-8673","TCGA-44-A4SS","TCGA-86-8358","TCGA-38-6178","TCGA-49-4506","TCGA-97-8172","TCGA-O1-A52J","TCGA-49-AAQV","TCGA-53-7626","TCGA-97-A4M2","TCGA-50-5931","TCGA-L9-A743","TCGA-50-8457","TCGA-MP-A4T9","TCGA-97-8175","TCGA-99-8025","TCGA-55-8615","TCGA-86-8075","TCGA-49-6745","TCGA-49-AARQ","TCGA-83-5908","TCGA-64-1680","TCGA-44-3396","TCGA-53-7624","TCGA-86-7713","TCGA-55-8508","TCGA-49-AARE","TCGA-49-AAR0","TCGA-55-6980","TCGA-MP-A4SY","TCGA-49-6744","TCGA-86-8671","TCGA-49-4510","TCGA-97-8177","TCGA-50-7109","TCGA-78-8660","TCGA-97-7547","TCGA-86-8674","TCGA-49-6742","TCGA-50-5946","TCGA-86-8054","TCGA-MP-A4TD","TCGA-55-6971","TCGA-95-7944","TCGA-NJ-A4YF","TCGA-91-A4BD","TCGA-99-8028","TCGA-97-8171","TCGA-55-6642","TCGA-86-A4P8","TCGA-49-AARO","TCGA-J2-8192","TCGA-62-A46O","TCGA-86-A4JF","TCGA-L9-A8F4","TCGA-55-8507","TCGA-95-7948","TCGA-MN-A4N1","TCGA-55-8091","TCGA-49-4505","TCGA-50-5942","TCGA-J2-8194","TCGA-95-7567","TCGA-MP-A4TH","TCGA-L9-A5IP","TCGA-97-7554","TCGA-55-8619","TCGA-49-AAR3","TCGA-4B-A93V","TCGA-38-4626","TCGA-62-A471","TCGA-86-A456","TCGA-50-5045","TCGA-MP-A4TF","TCGA-93-A4JN","TCGA-44-6774","TCGA-50-5066","TCGA-49-AAR2","TCGA-86-8669","TCGA-86-8076","TCGA-55-8203","TCGA-MP-A5C7","TCGA-MN-A4N4","TCGA-44-7660","TCGA-97-A4M6","TCGA-64-1676","TCGA-97-A4M5","TCGA-55-7728","TCGA-55-8090","TCGA-55-8514","TCGA-62-A470","TCGA-97-8552","TCGA-55-8092","TCGA-55-6983","TCGA-44-7659","TCGA-55-7724","TCGA-55-7570","TCGA-55-A4DF","TCGA-55-7573","TCGA-MP-A4TA","TCGA-55-7907","TCGA-55-7574","TCGA-86-8073","TCGA-64-1678","TCGA-44-5643","TCGA-44-2657","TCGA-86-7953","TCGA-62-A46S","TCGA-55-8204","TCGA-50-5055","TCGA-44-6776","TCGA-55-8085","TCGA-64-1679","TCGA-55-8505","TCGA-55-8621","TCGA-44-3398","TCGA-05-4417","TCGA-55-8096","TCGA-99-7458","TCGA-55-6986","TCGA-44-7672","TCGA-55-8087","TCGA-97-A4LX","TCGA-44-6145","TCGA-86-7711","TCGA-86-7955","TCGA-86-A4P7","TCGA-64-5774","TCGA-97-A4M1","TCGA-97-8179","TCGA-L9-A50W","TCGA-50-5044","TCGA-55-7903","TCGA-55-A4DG","TCGA-55-7726","TCGA-05-4430","TCGA-55-8513","TCGA-05-4420","TCGA-62-A46P","TCGA-62-A46V","TCGA-55-6987","TCGA-55-7281","TCGA-44-2655","TCGA-L4-A4E6","TCGA-05-4427","TCGA-55-8301","TCGA-55-8510","TCGA-55-8302","TCGA-05-4405","TCGA-55-A48Z","TCGA-05-5428","TCGA-55-8097","TCGA-55-7994","TCGA-86-7701","TCGA-44-7670","TCGA-05-4249","TCGA-55-A492","TCGA-S2-AA1A","TCGA-44-6148","TCGA-55-8206","TCGA-55-8094","TCGA-05-4382","TCGA-97-A4M0","TCGA-44-7661","TCGA-55-8205","TCGA-55-7283","TCGA-55-A48Y","TCGA-55-7995","TCGA-44-3919","TCGA-95-7947","TCGA-55-7725","TCGA-55-7227","TCGA-44-A479","TCGA-55-6970","TCGA-55-6543","TCGA-55-1596","TCGA-55-6982","TCGA-05-4398","TCGA-44-A47A","TCGA-55-A57B","TCGA-55-8207","TCGA-55-7576","TCGA-55-A494","TCGA-NJ-A4YG","TCGA-44-7671","TCGA-50-6594","TCGA-55-A491","TCGA-95-8039","TCGA-44-2659","TCGA-44-3917","TCGA-64-5778","TCGA-55-7815"
"SLC5A1","   48","   16","   24","    2"," 1089","   84","   73","   51","   25","   18","  167","  264","  321","   46","   75","  775","  111","  859","   96","  155","    7","    2","    5","  129","   56","  327","    5","   52","  288","    4","   94","   10"," 2121","  664","   97","  407","  251","   28"," 1067","   99","  131","   51","  408","  109"," 1086","   40","  200","    9","   20","   14","  106","  350","   76","    7","   96","  176","  169","   24","  592","    1","   12","14454","   98","   90","  245","   35","   26","   37","    2","    1","  197","  125","   45","  168","  441","  227"," 1188","    1","  572","   14","   45","   27","   39"," 3852","  141","  120","  116","   49","   17","   44","  340","  883","   39","    8","  479","   22","   21","   57","    2","   64","  791","    2","   16","   30","  286","  394","    9","    7"," 1005"," 1459","    0","  214","  681","  323","   66","   20","  258","    2"," 1438","  184","  864"," 3484","  561","  153","   48","   43","   41","   50"," 2113","  510","  104"," 5720","   50","  518","  165","    6","    4","  135","  543","  447","  959","  155","12172"," 1724","  149","  135","  938","  277","    9","  441","    5"," 3146","    6","  114","   25"," 1386","   17","  102","   68","  101","  361","  395","  211","   20","  687","   43","  314","   80","  168","    1","   45","   33","  284","  457"," 2397","    2","   90","    5"," 2493","  679"," 3375","    0"," 2090"," 1019","   24","    0","    0","  133","  250","   14","  815","    1"," 1481","  225"," 6863","  932","   11"," 2270","   34","  814","  536","   45","   78","  467","  254","   34","    6"," 3389"," 1047","  132"," 1118","12297","  404"," 2369","   31","   52","  172"
"CHGA","    0","    4","    2","    7","   38","   22","    8","   26","    4","    5","    4","   12","    0","21592","    1","    8","50205","   19","    2","    3","    0","   79","    1","    1"," 1286","    3","    3","45655","    3","    2","    1","    4","   17","    3","   65","    6","   44","    7","   20","    1","   58","    6","    8","    2","    2","    4","    1","    4","  369","   49","    3","   34"," 5409","    9","   15","    5","    3","    2","   73","    8","    5","    3","   13","  111","    5","   17","    8","    2","    4","    1","   10","    8","    1","    1","   34","   24","    4","  638","   17","   20","   20","    7","    0","   60","   10","    8","   38","    1","    3","    8","   10","   19","    2","    1","   39","   85","    2","   27","    2","    2","    8","    1","   12","  136","   33","    3","    0","   10"," 1271","    5","    2","    5","    9","    4","    2","    6","   44","    3","   15","   11","    3"," 1870","    9","   18","    4","    1","   12","   18","    0","    1","    0","    2","    5","   20","    3","    8","    3","    2","   45","   69","    6","    1","    1"," 2171","    0","  123","    1","    4","    4","    4","    3","    7","    0","   36","    3","    1","    0","    1","    0","    1","   28","   28","    4","    0","    3","   11","    4","    1","   13","    3","    0","   86","    7","   54","    1","    4","   10","    3","    1","  103","    4","   44","    1"," 3474","    2"," 1144","    9","    3","    9","    2","    2","    0","  250","    1","    8","    4","    3","    1","    7","    3","   15","   10","    1","    0","    3","    8","    2","    8","    2","   57","    0","    1","   17","    1","   19","    5","    0"
"HRH3","   0","   2","   0","   0","   0","   0","   0","   1","   0","   0","   2","   1","   0","  32","   1","   1","2275","   0","   0","   1","   1","  72","   0","   0"," 718","   0","   2","  36","   0","   1","   0","   1","   2","   1","   0","   0","   2","   0","   1","   0","   1","   6","   0","   0","   0","   0","   0","   0","   0","   1","  16","   1","2479","   1","   0","   1","   1","   0","   0","   6","   0","   2","   1","   0","   0"," 343","   0","   0","   2","   1","   0","   0","   3","   0","   0","   0","   1","   0","   1","   0","  41","   0","   0","   0","   0","   0","   0","   0","   0","   0","   0","   0","   0","   1","   2","   0","   0","   1","   0","   1","   0","   0","   1","   5","   1","   0","   1","   0","   0","   0","   0","   0","   0","   0","   0","   1","   0","   0","  98","   0","   0","   0","  10","   0","   3","   0","   0","   1","  65","   1","   0","   0","   1","   2","   0","   0","   3","   1","   0","   1","   0","   0","   2","   1","   0","   0","   2","   0","   0","   0","   0","   0","   6","   0","   0","   0","   0","   0","   0","   0","   1","   0","   0","   0","   1","   0","   0","   0","   0","   0","   0","   0","   0","   0","   3","   0","   0","   0","   1","   0","   0","   0","   1","   0","   2","   1","   0","   1","   0","   0","   0","   1","   3","   0","   0","   0","   1","   0","   2","   0","   0","   0","   2","   0","   1","   0","   1","   1","   0","   0","   0","   1","   0","   0","   5","   0","   0"
"SCG3","    1","    6","   43","    2","   47","   14","    5","    0","    3","    8","   22","   30","    6","12019","   18","   22"," 9280","   10","    8","    3","    6"," 1169","    5","    7"," 2388","    3","    7"," 7540","    1","    9","   17","    6","  491","    9","   47","   48","   61","    6","   24","    8","   36"," 2036","   22","   16","    0","    7","    3","    8","  123","  470","   47","   14"," 2168","   26","    7","   17","   13","   17","   24","  282","    7","    6","    3","    5","    1"," 1745","    7","   10","   10","    0","    4","   21","    3","    4","   19","   17","    6","  275","    5","   21","  117","   10","   10","    8","   27","    6","   18","    5","   14","    7","    5","    7","    9","    8","   50","    8","   11","   16","    3","    4","   12","    6","   10","   46","   35","    6","    3","   23","   77","   13","    1","   30","    2","   12","    2","   18","   25","    5","   70","    9","    4"," 3115","   58","   23","    7","    7","    7","    9","    8","    9","   12","   10","  151","   36","   16","    3","   16","   34","   15","   25","   23","   11","   99","  233","   11","   11","    3","   13","    2","  143","   28","   12","   84","   10","   12","    1","    4","    5","    7","    0","   16","    9","  397","    0","    2","   29","    5","   25","   15","    2","   13","    8","    7","    7","   48","    0","    6","   32","    6","  312","    7","   15","    4","  118","   14"," 4163","   49","   10","   22","   47","    0","    2","   49","   10","   11","    4","    3","   43","   36","    2","   11","    7","   14","    2","   15","    5","    6","   24","    5","   15","   19","  333","   10","    7","   63","   32","    1"
"DKK4","    1","    0","    0","    5","    5","    1","    2","    1","    0","    0","    0","    0","    0","  188","    1","    0","  405","    0","    0","    3","    0","    4","    0","    3","    3","    0","    0","    0","    1","    0","    3","    0","    1","    2","    1","    6","    1","    1","    0","    0","    2","    0","    1","    0","    0","    5","    1","    0","    0","    1","    1","    2","    2","    0","    1","    0","    1","    0","    1","    1","    0","    1","    9","    0","    1","    0","    4","    2","    1","    1","    2","    0","    0","    1","    0","    2","    0","    0","    0","    1","   12","    4","    1","    1","    1","    1","    0","    1","    0","    0","    2","  372","    0","    5","    5","    6","    0","    0","    3","    3","    0","    0","    3","    0","    0","    0","    0","    2","    2","    0","    0","    0","   40","    1","    4","    7","    1","    2","    7","    2","    0","48014","    1","    2","    2","    0","    1","    1","    0","   24","    0","    0","    1","  270","    0","    0","    1","    3","    1","    0","    3","    0","    1","   10","    1","    0","    0","    0","    0","    0","    0","    2","    0","    2","    0","    0","    0","    4","    5","    0","    1","    3","    2","    0","    2","    0","    0","   22","    0","    0","  170","    1","    0","    1","    0","    0","    2","    1","    0","    0","    0","    6","   10","   13","    2","    2","    0","    2","    0","    0","    1","    0","    1","    2","    0","    3","    3","    0","    1","    0","    0","    1","    1","    7","    0","    2","    0","    1","    5","    4","    1","    3","    5","    2","    0","    1","    0"
"ACTL8","    0","    0","   27","    0","    9","    1","    1","    0","    0","  633","    0","    0","    0","    7","    1","    0","  160","    0","   33","    0","    0","   16","    1","    3","    9","   12","    0","    0","    0","18307","    0","    0","   19","    0","  198","    7","    1","    0","    0","    0","    0","    0","    3","    3","    2","    0","    0","    0","    2","    1","    0","  147","    0","    0","    2","   29","    0","    1","    5","    0","   12","    0","    5","   20","    2","    0","    0","    1","    3","    0","    0","   67","    8","    0","    0","  329","    0","    0","   13","    5","    0","    4","   73","    0","    2","    0","    2","   18","    0","  111","    0","    0","    0","    3","    1","    1","    1","    3","    1","    2","    0","    8","  103","    0","    6","    0","    1"," 1273","   11","   76","    2","    4","    0","    0","    0","   25","    0","    6","    0","    0","    1","    5","    0","    0","   19","    1","    4","   12","    9","    1","    0","   46","    1","    1","    0","    0","    3","    2","    0","    0","    7","  539","    1","    0","    2","    1","    0","   20","    2","    0","    2","    1","    0","    0","    0","    1","    1","    1","    0","    0","    0","    0","    2","    0","    0","   48","    0","    1","    0","    0","   27","    2","    1","    0","    0","    2","    0","    0","    0","    3","    0","    1","    0","    0","    0","    7","    2","    1","    1","    1","    2","    3","    5","    0","    0","    0","    0","    0","    8","    0","   17","    5","   25","    1","    1","    1","    1","    0","    4","   46","    0","    4","    1","    3","    0","    0","    0"
"OLFM3","  0","  0","  0"," 13","  0","  1","  0","  0","  0","  0","  0","  0","  3"," 20","  4","  3"," 13","  0","  0","  0","  0"," 26","  0","  5"," 78","  0","  0","508","  0","  0","  1"," 53"," 22","  2","  1","  1","  1","  0","  0","  1","  0","  0","  0","  0","  0","  0","  1","  0"," 82"," 16","  4","  1","  3","  0","  0","  0","  0","  0","  1","  4","  0","  0","  0","  2","  1","  9","  0","  2","  0","  0","  0","  0","  0","  0","  1","  0"," 10","  1","  0","  0","  2","  5","  1","  0","  7","  0","  1","  0","  0","  0","  0","  0","  0","  3","  0","  0","  1","  0","  0","  0","  2","  2","  2","  2","  2","  0","  1","  5","  0","  0","  0","  0","  0","  0","  0","  0","  3","  0"," 32","  1","  0","  1","  4","  1","  1","  1","  0","  0","  0","  0","  0","  1","  0","  0","  0","  0","  0","  3","  0","  3","  4","  0"," 10"," 11","  0","  2","  0","  0","  0"," 14","  0","  0","  0","  0","  0","  0","  0","  0","  1","  0","  2","  1","  0","  0","  1","  0","  0","  0","  0","  0","  2","  0","  0","  1","  0","  0","  0","  1","  0","  1","  0","  0","  5"," 23","  0","  0"," 16","  0","  1","  0","  0","  0","270","  0","  1","  0","  0","  1","  4","  0","  1","  0","  0","  0","  0","  0","  0","  0","  0","  4","  0","  0","  0","  1"," 20","  0","  0"
"PRLHR","  0","  0","  1","  1","  0","  0","  0","  0","  0","  0","  0","  0","  0"," 80","  0","  1","949","  4","  0","  0","  0","  0","  0","  0","106","  0","  1","130","  0","  0","  1","  0"," 11","  2","  1","  1","  0","  1","  0","  0","  0","  1","  5","  0","  2","  0","  0","  0","  0","  0","  0","  0"," 23","  0","  0","  0"," 19","  0","  1","  0","  1","  2","  0","  1","  1","112","  2","  0","  0","  0","  0","  2","  1","  0","  0","  0","  0","  1","  1","  2","  0","  0","  0","  0","  1","  0","  0","  0","  0","  1","  0","  1","  0","  0","  1","  0","  0","  0","  0","  0","  0","  1","  1","  0","  0","  0","  1","  0","  1","  0","  1","  1","  0","  0","  1","  0","  0","  1","  0","  0","  0","  6","  1","  3","  1","  0","  0","  1","  2","  0","  1","  0","  0","  0","  0","  0","  1","  0","  0","  0","  0","  2","  0","  4","  0","  1","  1","  0","  1","  0","  1","  0","  7","  0","  0","  0","  1","  0","  0","  0","  0","  0","  1","  0","  0","  3","  2","  0","  0","  0"," 30","  0","  1","  2"," 12","  0","  1","  1","  0"," 12","  0","  1","  0","  3","  0","  0","  0","  0","  0","  0","  0","  0","  0","  0","  0","  1","  2","  2","  0","  0"," 70","  0","  2","  0","  0","  0","  0","  0","  0","  3","  0","  0","  0","  1","  0","  0","  0"
"SPINK4","     9","     0","     6","    51","    13","     3","     1","     1","     0","     1","     2","     0","     1","     2","     2","     0","   102","     0","    17","     2","   229","   150","     5","     1","     0","     3","     3","     0","     0","     7","     8","     3","     6","     2","    49","     1","     4","     0","     0","     4","    63","    11","     6","     1","     5","     1","     9","     2","    27","   625","    58","     4","    10","     3","     2","     6","     1","    54","    23","    88","     7","     0","     9","     1","     4","    22","    69","    16","     8","    39","     1","     1","    11","     2","     0","     4","    21","     2","     1","    22","     4","     2","     1","     0","     2","     2","   124","    24","     3","    71","     1","    19","    79","    35","     0","     7","    13","     7","     0","     2","     1","     6","   153","     5","   173","   190","   211","     4","     0","     3","     1","    64","    77","     1","     2","    39","     1","    10","   487","     0","     0","     2","     1","     1","     1","     1","     5","     8","    32","     0","     0","     4","  3562","     2","     0","    12","    60","     0","     8","     9","     4","     5","    47","     1","     0","     1","     5","     1","   129","     4","     1","     1","     5","     2","    77","    10","     2","     2","     2","     0","     5","    68","  1253","    59","    21","    17","    10","   205","    25","     2","     4","     2","    10","     0","     0","    47","    42","     0","    51","     5","     1","   671","     1","     6","     2","154293","     7","     0","     0","    24","     2","    27","     1","     0","     3","     0","     1","     1","    17","     0","    11","     0","     0","    10","     1","     1","     4","     1","     4","   236","     0","     0","     3","     1","     3","     1","     0"
"PCK1","    0","    9","    0","    0","    0","    0","    0","   38","    0","    0","    3","    0","    2","  186","    4","    1","  562","    0","    0","    1","   26","    0","    0","    0","    8","    0","    0","   72","    7","  281","    4","    3","    2","    3","    3","  101","    2","    3","    0","    0","    0","  159","    9","    2","    1","   84","    1","    0","    0"," 2020","   68","    4","    4","    0","    2","    2","   10","   47","    6","   47","    1","    0","    1"," 1425","    3","  405","    0","    4","   54","   38","    0","    6","    0","  180","    0","    0","    8","   72","    2","    0","    7","    2","    0","    1","    4","    5","   10","    1","    3","    3","    0","   13","    0","24426","   15","   90","    2","   27","   52","   12","    0","    1","   13"," 1054","    5","    2","  705","    0","    2","    0","    1","    9","    1","    0","    0","    2","    3","    1","    8","    0","    1","  237","    2","    2","   11","    1","    9","    3","  256","   15","    2","   33"," 3392","    6","    3","    1"," 1063","    2","   16","    2","    1","   52","    2","   30","   11","    1","    0","    0","    2","    0","    2","    6"," 3024","    0","    0","   47","    1","    0","    9","    0","    1","    6","    8","    6","    1","  291","   14","    3","    4","    0","    0","  103","    0","    2","    0","    0","    1","    1","  180","    3","    0","    0","    0","   28","   11","    2","    0","    1","    0","    3","    0","    1","    3","    0","    3","    0","    1","    1"," 2089","    2","    2","    0","    2","    0","    2","    3","    0","    0","    2","    3","    0","    0","    0","   13","    1","    1","    0"
"DDC","    5","   36","    6","   63","   52","   35","   40","   38","   23","    4","   50","  167","   15","23045","   56","   43","27970","   46","  922","   37","   33"," 2980","    1","    3"," 3933","   20","   82"," 8845","   14","  644","   69"," 1382"," 3678","   25","  251","    2","   44","  103","   29","    1","   18"," 6863","   20","   29","   15","   17","    9","    1","    6","   71","    3","   18"," 8876","   17","   32","   29","   43","  266","  171","  497","  319","    1","   72","  941","   14","   53"," 1075","    5","   11","   18","   18","   11"," 8667","   15","   73","    6","    5","   89"," 7324","   35","  594","    6","   19","    7","   10","   81","   26","    4","   75","  383","    9","   83","    6","  273","  289","  264","   20","   24","   12","   17","   51","   20","  924"," 4815","   56","  336","11363","   14","   72","   15","    0","   34","  119","   11","   12","  762","  140","   10","  117","  146","   17","   78","   36","   51"," 1356","    1","   26","   19","  227","   35","   23","   30","   41","    7","    9","   24","  926","   18","  276","   73","   35","  109","  414","  314","   17","   52","  102","   77","   42","    2","    7","   44"," 5489","  128","  593","  340","    4","    7","   20","    0","   70","   35","   67","  103","  136","   87","    1","  121","  120","    6","  325","   59","   13","   35","    9","    2","   29","  229","  150","  228","   42","  530","    8","  125","  981"," 2258","   22","   13","    8","   88","   73","  111","    2","   18","   19","   11","   15"," 1323","   53","    4","  810","   99","   14","  213","   16","   16","   31","  200","   47","  114","   18","   14","   45","   10","  723","   19","  253"
"SYT4","    1","    0","    1","    0","    0","    1","    0","    4","    1","    0","    5","    7","    4"," 7814","    0","    4","13037","    4","    0","    1","    0","  128","    6","    0"," 7527","    0","    0"," 7035","    2","    0","    2","    0","    1","    5","    4","    7","    1","    1","    3","    2","    8","    2","    0","    8","    0","    0","    1","    3","    0","  351","  132","    1","  552","    3","    4","    4","    0","    5","   14","  935","    0","    0","   14","    0","    0","  864","    3","   28","    1","    0","    2","    2","    0","    0","    1","    2","    3","    4","    0","    0","   47","    0","    0","    8","    4","    0","    3","    0","    0","    0","    1","    1","    0","   15","    4","    0","    3","   16","    0","    1","    6","    0","    0","   30","    2","    3","    1","    1","    0","    2","    0","    4","    0","    3","    6","   11","    8","    0","  168","    3","    0","   74","    0","    3","    0","    0","    0","    0","    0","    0","    4","    1","    3","    4","   15","    1","    2","    0","    4","    7","    9","    3","    0","  163","   88","    5","    0","    3","    0","    0","    0","    2","   90","    4","    2","    0","    1","    4","    6","    1","    8","    1","    3","    0","    0","    9","   94","   10","   16","    0","    1","    1","    0","    8","    0","    2","    1","    3","    1","   12","    1","   12","    0","   28","    6","  516","    0","    0","   10","    2","    1","    0","    0","    2","    3","    1","    3","    3","   25","    0","    0","    0","    0","    1","    4","    4","    0","    0","    1","    9","    0","    0","    3","   36","  108","    1","    0"
"CGA","     2","     0","     1","     1","     0","     0","     2","     4","     0","     0","     0","     0","     0","   502","     0","     0","  1014","     0","     3","     4","     0","    77","     1","     1","     3","     6","     0","     2","     1","    12","     0","     3","     4","     3","     0","     7","     0","     0","     1","    21","    24","     6","    12","     2","     2","    24","     1","    13","  8792","   542","    52","     2","     8","     0","    18","     0","     2","    15","   410","   297","     0","     0","     3","   157","     1"," 62082","   617","     1","   166","     3","     0","     0","     0","    51","     0","     0","    10","102221","     2","     1","   231","     1","     0","     3","     1","     0","     1","     9","     5","   321","     1","     1","     0","  8829","     1","    56","     1","     0","     0","     1","    35","     7","  2459","   119","     0","     0","     0","     0","     3","     0","     0","    11","     0","     0","     3","    11","     0","    13","    25","     0","     2","     6","    40","     1","    10","     4","    15","     1","    26","     0","     1","     6","    16","     0","     2","     5","     1","     1","     3","     0","     3","    17","    48","    10","     0","     2","     1","     0","     0","     1","   121","     2","    42","     0","     0","     1","     1","     1","    38","     0","    11","     0","  3546","     1","     0","     6","     1","     3","     0","     0","     0","     1","     0","     3","     0","    16","     0","     0","    59","    13","     2","     6","     2","     3","     1","    19","     5","     0","     1","     0","     0","     1","     1","     1","     2","     0","     0","  3021","     7","     0","    10","     0","     0","     1","     2","     0","     1","     2","     1","     1","     0","     0","     1","     0","    72","     0","     4"
"MAEL","    5","    0"," 3295","   23","    3","   14","    5","    2","   10","    0","   30","    0","   14","   42","    5","    3","17579","    6","    1","   18","   17","  675","   14","    8"," 2562","    0","   50","   40","    8","    1","   14","    3","    5","   10","    4","    8","    5","   11","    4","    6","   19","    1","   33","    8","    2","    4","    6","   91","   12","    0","    4","   18","   13","   25","   27","   18","   12","    7","   55","    0","    0"," 3413","    1","   11"," 2941","    4","   32","    3","    4","    2","    0","    4","   17","    7","   11","    5","   77","  714","    1","   10","    0","    5"," 1122","   20","   18","   15","    1","   23","    2","    1","  687","   10","    2","    0","    8","    0","    2","   40","    0","    4","   17","   10","   39","    6","    7","   20","    4","21853","   48","   61","    9","   12","   12","    7","    6","    0","   13","    9","   41","   18","    3","    3","   10","    3","    7","    2","   13","   34","    3","    1","    7","   13","    8","    6","    7","    4","    6"," 4409","   21","   11","   33","    4","   41","   15","    3","   11","   19","   15","    3","   10","  226","    1","    0","    9","   18","    9","    4","    1","    8","    5","   18","    4","    5","    1","   22","    5","   17","   23","    4","    0","    4","    4","    0","   10","   19","    8","   13","    0","    1","   10","   20","    2","   53","    0","   27","   16","   69","   32","    1","    2","    0","    3","   37","    9","    1","    4","   17","    8","    1","    7","    1","   11","   25","   83","   12","   37","    7","    0","   11","   13","    4","    6","   13","   35","    7","    7","   11"
"CPLX2","     0","     2","     1","     1","    18","     8","     3","     3","     3","     0","     6","     4","     2"," 65272","     0","    19","103388","    12","  2182","     1","    32","  3893","     1","     2","  3055","     1","   201"," 36673","     4","  8491","     3","     0","    44","     4","    20","     4","    27","     1","     5","     1","    26","    10","     2","     4","     4","    22","     6","     0","    15","    60","     2","    47"," 30543","     7","     8","     3","     1","     7","    53","    15","     2","     2","   198","  1221","     0","    79","    54","     4","     1","     0","     8","     3","     0","     1","    19","    12","     4","   753","     0","     1","    19","     3","     0","    19","    18","    10","   411","     1","     8","  3682","     6","    32","     1","    59","     2"," 14226","    25","     5","     5","     2","    24","     1","  4714","    19","    24","     2","   775","     1","  1790","     9","     0","     5","    18","     3","     0","  1910","    29","     7","     7","    14","     4"," 24112","     4","    25","   266","     0","     8","     1","   101","     8","     3","     1","     2","     3","     3","     2","  5171","     2"," 12378","   128","     3","     3","     0","   553","     7","    39","     3","     0","   258","   106","     8","    14","    21","    20","  1165","     0","     0","     1","     0","     0","    31","     8","    17","     3","     1","    44","     0","    21","    10","     0","     9","    13","     0","    20","    58","     0","    16","     1","     4","  1335","     1","   574","     3","    50","     6","   147","     0","     4","     3","     1","     4","    13","   169","     4","     3","     3","    22","     0","  1301","     0","    39","     5","     1","     1","    11","     8","     2","     0","     3","  7492","     0","     0","    12","     4","    25","     4","     2"
"RASGEF1C","  15","   6","   2","   2","   6","   3","  11","   0","   1"," 136","   3","   3","   4","   0","   2","   1","   3","   4","   0","  11","5243","   2","  12","   1","   1","  71","   0","  23","   5","  42","   2","   1","  11","   1","   5","   7","  27","   1","  32","  45","  73","   1","  33","   8","   0","   3","   2","   0","  27","   0","   1","  62"," 405","   0"," 161","   3","   2","   5","   9","   2","   8","   0","   7","  30","  31","   4","   2","   0","   7","  31","   2","  28","   0","   4","  10"," 368","   4"," 153","   4","  11","   4","   2","  34","   0"," 276","   0","   4","  30","   2","  17"," 426","   1","   0","   0","   5","  22","   4","   6","  31","  17","   2","   2"," 284","   0","   2","   2","   0"," 248","   2","   3","   0","   8","   6","   7","   1","   2","   2","   2","   4","   4","   0","   5","   7","   3","  29","   4","  16"," 637","  10","  21","   7","   3","   0","   3","   0","   0","   4","  14","   1","   5","   6","   0","   5","   9","   3","  30","   2","   7","  10","   2","   1","  13","   2","   2","   1","   1","   6","  16","   2","   0","  59","   1","   6","   0","  13"," 160","   1","   7","   2","   0","  18","   2","   7","   6","   9","   0","  12","  29","   9","  55","   8","   0","   1","   2","   3","   0","  29","   3","   2","   0","   3","   2","  11","   4","  33","   3","   1","   0","  29","   2","   4","   2"," 699","   4","   3","  33","  86","   7","   4","   4","   1","  21","   6","  40","   3","   4","   0"
"CLVS2","  0","  0","  0","  0","  0","  2","  1","  0","  0","  0","  0","  1","  0","  2","  0","  0","  1","  0","  0","  1","  4","119","  2","  0","  7","  0","  0"," 37","  0","  0","  3","  0","  4","  0","  0"," 63","  0","  0","  0","  1","  0","  0","  1","  1","  0","  0","  0","  1","125","  0","  0","  1","  1","  0","  1","  4","  0","  2","  0","  1","  0","  0","  0","  3","  0","  2","  0","  4","  0","  0","  1","  0","  0","  1","  0","  0","  0"," 65","  0","  2","  0","  2","  0","  0","  1","  0","  0","  0","  0","  0","  0","  0","  0","  0","  7","  0","  0","  0","  1","  0","  0","  9","  0","  1","  0","  0","  9","  0","  0","  0","  0","  0","  0","  1","  0","  0","  1","  1","  0","  0","  0","  0","  1","  0","  1","  0","  0","  1","  1","  0","  0","  0","  0","  0","  0","  0","  0"," 23","  4","  0","  1","  0","  0","  0","  0","  0","  0","  0","  0","  0","  0","  0","  0","  0","  0","  0","  0","  0","  0","  0","  4","  0","  0","  0","  0","  0","  0","  0","  0","  0","  0","  1","  0","  0","  3","  0","  2","  0","  0","  1","  0","  0","  0","  4","  0","  0","  0","  0","  0","  1","  0","  0","  0","  0","  0","  0","  0","  1","  0","  0","  0","  0","  0","  0","  1","  1","  0","  0","  1","  3","  0","  0","  0","  0"," 23","  1","  0"
"INA","   3","   2","1386"," 669"," 126","  13","   9","   2","   0"," 655","   2"," 168","   6","2488","  23","  77","5930","   5","  24","  40","   4"," 381","   3"," 549","4296","   5","   8","2717"," 264","   7","   4","   2"," 120","   7","   4"," 269","   4","   2","  48","   1","  20","  18","  44","  14"," 183","   8","   1","  10","1654","  33","  54","  20","2517"," 420","   5","   6","   9","   4"," 142","  26","   8","   5","  18"," 193","  24"," 527","  14","   3","   1","   9","  28","1197","   2","  24","   2","  16"," 284"," 539","   4"," 231"," 105","   7"," 984"," 226","   4","   3","  43","   7","   4"," 449","  46","   3"," 907","   0","  15"," 622","   6"," 246","   4","   9","  48"," 166","  10","   6","  12","  11","   6"," 368"," 342","  59","   8","   3","   5","  12","  21","   1","  41","   1","  18","   1","  12"," 775","  79","   7","  41","   3","  32","   9","  18","  26","   4","   8","   1","  44","  18","   1","  35","1924","  41","   8","   9","   3"," 124","  65","   3","  19","   5","   7","   2"," 303","   2","   3","   6","  16","   4","   3","   3","   1","   0"," 169"," 440","   0"," 165","   0","  13","   3","   7","  19","   2","   0","  11","   2","   3","1707"," 322","   1","   6","   7","   2"," 137","  19","   4","   3","  18","   2"," 306"," 113","   9","   6","   4","   2","   5"," 145","   6","  47","   2","  12","  30"," 707","   1","  19","   6","  17","   6","   3"," 648","  20","   1","   3","  20","   9"," 579","   6","   1","   4","  61","  13"
"NRSN1","   0","   0","   0","   0","   1","   1","   0","   1","   0","   0","   2","   0","   0","  18","   0","   1","  73","   0","   0","   0","   1","   0","   0","   0"," 111","   0","   4","1201","   0","   0","  45","   1","   2","   0","   0","   2","   0","   0","   0","   1","   3","   0","   1","   0","   0","   1","   0","   0","   0","   0","   0","   1","  60","   0","   3","   0","   0","   0","   0","   0","   0","   0","   0","   0","   1","   0","   3","   1","   0","   0","   0","   0","   0","   0","   1","   0","   2","   2","   0","   0","   0","   1","   0","   2","   1","   1","   1","   0","   1","   0","   0","   0","   0","   0","   0","   0","   0","   0","   0","   4","   2","   0","   0","   0","   3","   0","   0","   0","   2","   0","   0","   0","   1","   0","   0","   0","   3","   1","   2","   0","   0"," 557","   2","   3","   0","   0","   0","   0","   0","   0","   0","   0","   0","   1","   1","   0","   1","   1","   0","   0","   0","   2","   5","   2","   0","   0","   3","   0","   0","   0","   1","   3","   0","   1","   3","   0","   0","   0","   0","   0","   1","   1","   0","   0","   0","   0","   0","   0","   0","   0","   1","   1","   0","   0","   0","   0","   3","   0","   1","  19","   0","   2","   0","  14","   3","   0","   5","   0","   1","   0","   0","   0","   0","   1","   5","   0","   0","   0","   0","   2","   0","   0","   0","   0","   0","   1","   0","   0","   1","   1","   0","   2","   0","   2","   0","   1","   0"
"ZIC3","   0","   0","   9","   2","   1","   1","   0","   0","   0","   1","   0","   0","   0","   7","   6","   0","   6","   0","   0","  23","   0","3142","   0","   0","   2","   0","   0","   3","   0","   0","   1","   2","   0","   0","   0","  59","   0","   0","   0","   0","   0","  25","   0","   0","   1","   0","   0","   2","   4","   0","   1","   0","  87","   1","  48","   0","   0","   0","   5","   0","   0","   1","   0","   0","   1"," 842","   0","   0","   0","   0","   0","   0","   1","   0","   1","   0","   2","   0","   0","   1"," 132","  24","   0","   0","   3","   0","   0","   0","   0","   0","   0","   0","   0","   6","   1","   0","   1","   0","   0","   0","   1","   0","   0","  38","   1","  77","   0","   0","   1","   4","   0","   2","   1","   0","   0","  92","   0","   0","   3","   0","   0","   1"," 296","   1","   1","   0","   0","   1","   0","   0","   4","   0","  43","   2","   1","   0","   0","   0","   0","   1","   5","   0","   2","   0","   0","   1","   6","   0","   0","   0","   0","   1","   0","   0","   0","   0","   5","   0","   0","   0","   0","   0","   0","   0","   0","   0","   0","   0","   0","   0","   0","   0","   0","   4","   0","   0","   3","   0","   0","   9","  16","   5","   1","   0","   1","   0","   0","   0","   0","   0","   0","   0","   0","   1","   0","   1","   0","  10","   0","   0","   3","   0","   0","   1","   0","  16","   0","   0","   0","   0","   0","   0","   0","   2","   0","   0","   0"
"DPYSL5","   1","   0","   0","   0","   0","   1","   0","   2","   0","   1","   1","   4","   0","  29","   0","   1","  33","   2","   0","   1","   0","4592","   1","   1","3173","   2","   2","1746","   1","   0","   2","   1","   2","   0","   1"," 226","   0","   0","   4","   1","   2","   4","  27","   4","   1","   0","   0","   0","  24","   0","   1","   9","1077","   2","   1","   0","   1","   1","   1","   1","   2","   0","   0","   0","   0"," 908","   1","   3","   0","   0","   1","   1","   0","   1","   1","   0","   3","   2","   0","   0","   0","   2","   1","   3","   2","   2","   0","   0","   0","   1","   1","   5","   1","   2","   6","   0","   0","   3","   0","  13","   2","   2","   2","   0","   1","   0","   3","  66","   5","   1","   2","   6","   7","   2","   2","   0","   1","   1","   1","   0","   1","   1"," 272","   1","   0","   0","   2","   3","  23","  30","   0","  22","   0","   2","   0","   0","   0","   5","   0","  26","   0","   1","   4","   1","   1","   0","   3","   0","   1","   1","   0","   0","   3","   0","   2","   0","   0","   0","   1","   1","   0","   1","   1","   0","   1","   3","   0","   0","   1","   0","   0","   0","   1","   2","   4","   0","   2","   0","   0","2584","   0","   1","   0","   0","   1","   1","   1","   0","   1","   0","   1","   0","  15","   0","   0","   0","   0","   0","   1","   0","   0","   1","   1","   1","   0","   1","   0","   1","   0","   1","   1","   4","   0","   2","   1","   0","   4"
"PGLYRP3","   4","   6"," 238","  53","  40","   9","   5","   2","   0","   1","   1","   0","   2","   0","   0","   2","1149","  30","   2","  27","   2","   0","   1","   2","   1","  81","  52","   2","  39","  88","   8","   4","  54","   6","  13","  16","  19","  72","  16","   0","   4","   2","   1","   3","   1","   1","  14","  44","  11","   0","  59","  10","   0","  14","   8","  36","   2","  14","  16","   2","  35","   1"," 148","  42","   4","   1","  10","   2","   1","   0","   1","   2","  23","  27","   0","   2","  19","  10","  27","   0","   5","   4","   5","   6","  19","   0","  20"," 224","   7"," 103","   0","   3","   0","   0","   1","   0","   1","  36","  42","   5","   6","   0","  15","   1","  95"," 177"," 101","   1","   5","  99","   0","   3","   9","   7","  37","   0","   4","   1","  10"," 494"," 391","   2","   2","  54","  12","   0","  19","   0","   1"," 532","   4","   4","   0"," 288","   1","   7","  47","  42","  36","   8","  16","   7","  83","  32","   0","   1","  34","  96","  82","   6","   3","  11","   9","   0","   0","  49","   1","   0","   2","  16","  32","  29","  15","   0"," 563","   3","  37"," 118","   0","   1","  34","  12","   0","  57","   1","   0","  13","   1","  13","  16"," 101","   0","   1","   0","   8","   0","  10","  17","   3","   0","   5","  82","   4"," 130","  15","   4","   2","   2","   5","   3","   0","   5","  40","1082","  10"," 648","  19","   1"," 395","  14","   2","   0","  24","   1","   0","   0"," 650"
"HAND2","   2","   2","   0","   3","   0","   2","   0","   0","  11","   0","   1","   3","   3","   1","   1","   9","   1","   8","   0","   2","   0","  11","  28","   0","   1","   2","   0","  21","   5","   1","   4","   1","   1","   1","   2","  45","   2","   1","   0","   2","   2","   0","   5","   2","   1","   0","   0","  42","  51","   1","   2","   2","   0","  24","   2","  10","  19","   0","   4","   6","   0","   6","   0","   0","   0"," 104","   1","   0","   0","   0","   1","   3","   4","   4","   7","   5","   8","   1","   0","   2","1541","   2","   0","   1","   7","   2","  15","   0","   5","   3","   1","   3","   0","   2","   0","   0","   0","  15","   0","   5","  83","   0","   2","   0","   0","   0","   0","   1","   0","  26","   0","   0","   2","   0","   3","   0","   2","   0","   3","   0","   0","   0"," 127","   0","   1","   0","   0","   1","   0","   0","   1","   1","   0","   2","   0","   1","   0","   2","   4","   3","  11","   1","   5","   7","   0","   3","   1","   4","   0","   0","   3","   3","   1","   1","   1","   0","   2","   0","   0","   3","  12","   2","   1","   0","   1","   0","  14","   0","   0","   0","  23","   0","   0","   6","   0","   0","   3","   0","   0","  11","   2","   2","   0","   0","   3","   0","   4","   0","   2","   4","   0","   2","   6","   0","   0","   0","   3","   1","   1","   0","   0","   0","   2","   3","   0","  21","   0","   0","   0","  12","   0","   3","   0","   1","  12","   0","   2"
"FABP7","    0","    8","    1","    2","   61","    5","   43","    7","    0","    3","    5","   12","    0","    0","    0","   26","    1","   11","    7","    4","   25"," 2256","    0","   13","  108","    8","    1","    0","    1","   41","    1","   10","  206","    3","    4","66916","   70","    7","    7","   19","    6","    5","    3","    2","    2","   14","    7","   11","  558","    4","    0","   15","    7","    7","   48","    4","   12","    1","    4","    2","    2","    0","    1","    3","    1","   14","    4","   39","    0","    4","    2"," 6744","    3","   13","    1","    2","   20","    0","   26","    1","   49","    1","    1","    3","    7","    1","  234","    5","    1","    0","    0","   16","    0","    8","  163","    2","    7","   10","    2","    5","    5","    9","    3","    2","   95","   12","    1","    0","  295","   21","   25","    4","    0","   39","    4","    3","    1","    0","    7","    9","    9","    2","    3","    6","    7","    1","    2","    3","    5","    0","    1","    0","    0","    2","    1","    0","    0"," 2792","    3","    4","   10","    7","    6","   16","    0","    5","    0","   35","   28","    1","    4","  130","    3","    0","   22","   15","    5","    2","   61","    0","   17","   22","   47","    0","    4","   49","    4","    1","   17","    7","    6","    0","    3","    2","    4","   19","    0","    1","    5","    2","   13","    1","    2","    6","    1","    0","    1","    7","    9","    6","    4","    1","    1","  115","    4","    2","    6","   11","  132","    0","    1","    0","  126","    3","    4","    4","    1","    0","    4","    2","    0","    9","   72","    0","    1","   23","    0"
"A2ML1","    7","   10","   22","    1","   57","    3","    4","   45","    2","    5","    5","    9","    0","    3","    2","  399","    8","   21","    3","   60","    9","    0","    5","    3","   11","    1"," 8141","    6","    3","    1","   17","    2","   51","   49","   68","   74","    4","    9","   18","   27","    4","   15","  111","    6","    8","    2","    1","   10","  156","   53","   14","   56","    2","    2","   28","    3","    6","    9","   21","   48","    2"," 1880","   83","   19","    4","   23","   31","   37","   33","    2","    0","    3","    1","    3","    6","    9","  241","   11","    7","    5","   59","   62","   93","    7","    5","    4","    4","    3","   12","   24","    4","   44","    8","    2","   21","   14","    4","    6","    7","    5","    0","    1","    3","    4","   23","   17","   14","   99","  554","    5","    1","   12","   50","   10","    3","    2","    8","   56","   58","    7"," 6948","    6","   20","    4","   17","  746","    7","   16","    3","56090","   50","  177","   13","  818","  152","    4","   17","   30"," 3112","   12","   10","   10","   46","    9","    6","    7","    4","    5","   54","    1","    4","    2","    7","    3","    6","    4","    2","    6","    1","   29","    6","   86","   24","    0","    2","   55","  323","    2","    4","    3","    5","    5","    8","    3","   19","    0","    5","   55","    2","   16","   23","    5","    2","    8","    9","    2","   52","    5","   22","    1","    0","    5"," 4970","   27"," 3512","   16","    7","    5","    6","   31","    2","   20","   16","   14","    8","    3","   26","   14","    4","    5","    0","    4","   11","    7","    9","    4","    5"
"GALR1","  1","  0","  1","  2","  0","  0","  0","  0","  0","  1","  0","  1","  0","414","  1","  0","809","  0","  0","  0","  0","  0","  1","  0","  6","  0","  3"," 33","  0","  1","  1","  0","  1","  0","  4","  0","  1","  0","  0","  1","  2","  1","  2","  0","  0","  0","  0","  1","  1"," 46"," 48","  1","468","  0","  1","  1","  3","  2","  3","  2","  1","  1","  0","  0","  3","161","  0","  0","  0","  1","  0","  0","  0","  1","  0","  4","  7","  0","  0","  0","  6","  0","  0","  1","  2","  0","  0","  1","  0","  3","  0","  0","  0","348","  2","  1","  0","  0","  0","  0","  0","  0","  1","  0","  1","  3","  1","  1","  1","  0","  0","  1","  1","  5","  1","  0","  0","  0","144","  0","  0","  0","164","  0","  1","  1","  0","  1","  8","  0","  0","  0","  0","  1","  0","  0","  1","  3","  0","  1","  0","  0","  1","  6","  0","  0","  0","  0","  1","  2","  1","  4","  0","  1"," 10","  0","  0","  1","  0","  0","  2","  0","  2","  0","  0","  0","  1","  2","  8","  0","  3","  0","  0","  1","  0","  0","  1","  0","  9","  0","  0","  0","  4","  0","  1","  0","  5","  1","  1","  0","  0","  0"," 19","  0","  0","  1","  0","  0","  1","  0","  0","  1","  1","  0","  0","  1","  1","  1","  0","  4","  0","  0","  1","  3","  2","  0","  3"
"TM4SF20","    1","    0","    1","    1","    5","    0","    3","    1","    0","    5","    1","    2","    0","    0","    3","    4","    9","    0","   10","    1","    0","    0","    2","    0","    3","    0","   10","    4","    0","   12","    3","    1","    1","    3","    2","    1","    0","    0","    1","    0","    1","    2","    0","    0","    2","    2","    0","    2","  617","    0","    0","    0","    1","    2","    0","    3","    3","    3","    3","    1","    0","    3","    8","15673","    0","    2","    7","    1","    4","    0","    1","    1","    0","    1","    2","    2","    1","   41","    0","    3","    2","    0","    0","    1","    2","    2","    1","    0","    2","   90","    0","  290","    0","    2","    5"," 6438","    3","    1","    0","    2","    3","    1","   73","    0","    2","    0","   10","    0","    7","    1","    0","    3","    5","    2","    0","    3","    2","    2","    0","    0","    0","    1","    4","    3","   49","    0","    2","    2","    0","    1","    2","    1","    1","    0","    0","    0","   58","    2"," 2635","    0","    3","    0","    4","    2","    0","    0","    3","    2","    5","   12","    2","    3","    0","    8","    0","    0","    0","    1","    2","    1","    1","    2","    2","   19","    2","    3","    0","    2","    1","    0","    2","    1","    1","    0","    0","    0","    2","    0","    0","    7","    1","    4","    1","    0","    3","    6","    2","    0","    0","    1","    0","    1","    4","    1","    1","    0","    1","    1","    0","    0","   99","    0","   13","    0","    0","    0","    1","    0","    1","    1","    0","    2","    2","    1","    5","    0","    4"
"KRT13","   70","   12","    5","   68","   22","    6","   68"," 4566","   13","    6","   19","   74","    4","    0","    2","  128","   14","   54","   33","   33","    3","   13","   21","   76","   19","    3","   17","   21","   35","   67","  229","    7","   30","   24","   79","  213","   24","  190","   43","   64","   18","   13","   31","   70","    7","    3","   16","    9","  104","  144","   21","    1","   21","    4","   49","    8","   11","   45","  367","   29","   28","   43","   37","    3","  175","   10","    5","    7"," 3305","    0","   12","   24","   14","    6","   82","   19","   89","  346","    2","    3","   15","   18","   60","    5","   10","    5","   27","  310","   24","   41","   48","   94","    2","    1","  570","   28","   11","   55","  268","   97","    2","    9","    1","    0","   36","   24","    0","   30","   15","   38","    4","  292","  117","  275","  105","    2","   22","   18","  106","    5","  252","    4","   13","   24","    1","  103","   66","   33","   13","80016","  124","    4","    7","59647","   21"," 5328","   18","  625","   65","   93","  112","    3","   21","   19","    5","   18","    3","    7","   99","    5","    4","   30","    1","   46","   32","   18","   26","   10","  226","    8","   84","   63","    2","    3","    9","   60","   75","   62","   38","    2","   25","   16","  563","    7","   36","   13","  105","   49","    8","   34","   10","  169","    3","   45","    4","   68","  112","    5","  777","   33","   11","   43","    5","  278","   13","    4","   48","    0","   19","   28","    1","    5","   15","  225","   37","    6","  167","   20","   19","  110","   22","   15","    8","    3","    0","  149","    0"
"SYCE1","  3","  1","  1","  0","  0","  1","  0","  1","  0","  8","  1","  7","  0","  5","  7","  1","674","  4","  1","  1","  2","  5"," 98","  0","157","  0","  4","  0","  0"," 10"," 15","  3","  3"," 14","  4","  0","  2","  1","  0","  1","  2","  3"," 11","  3","  1","  2","  1","  1","113","  4","  3","  0","  3","  5","  7"," 82","  0"," 10","  8","  1","  0","  0","  1","  2","  0","  1","  1","  0"," 18","  5","  0","  3","  0","  2","  0","  3","  0","  0","  0","  6","  1","  0"," 11","  1","  1","  0","  0","  2","  0","  4","  2","  4","  6","  1"," 10","  4","  3","  1","  0","  1","  0","289","407","  1","  8","  1","  3","130","  1","  3","  0","  1"," 10","  2","  0","  1","  1","  1","  0","  1","  0","  9","  2","  0","  2","  2","  0","  1","  1","  1","  3","  1","  8","  4","  2","  0","  3"," 78","  1","  0","  0","  6","  0","  3","  1","  2","  5","  0","  1","  3","  0","  3","  0","138","  0","  0","  2"," 85","  2","  0","  0","  1","  3","  0","  0","  0","  0","  7","  2","  4","  3","  3","  0","  0","  0","  4","  3","  6","  0","  1","  2","  0","  2","  0","  4","  0","  5","  1","  3","  3","  2","  0"," 20"," 10","  0","  0","  1","  4","  0","  1","  1","  0","  6","  1","  1","  0","  2","  0","  0","  0","  0","  1","  4","  2","  5","  3","  0"
"SCG2","    36","    10","    66","   145","    81","    95","    54","   105","    76","    20","   187","    46","    17","175462","    31","    13","212955","   142","    17","   106","   106","   232","    53","    41","  4515","    28","    78","  3877","    99","   669","   276","    96","   136","   134","    37","  2165","    74","    44","    86","    73","   127","   198","   256","    84","    20","    66","     9","   177","    69","   154","   240","    56"," 14612","    84","   158","    80","   148","   132","   365","  1184","     9","   213","    46","    85","    25","   451","  1002","    53","    46","    30","     8","    89","    58","   105","    30","    50","   300","    96","    33","   139","   211","    43","    48","   145","   180","   100","   227","    46","    44","   595","    94","    83","    28","   339","   169","    40","    56","   106","   351","   242","   237","    26","    33","   164","    81","    86","    49","   143","    42","   220","     9","   201","   122","    48","    42","   173","    41","   116","   434","    42","    55","  8089","   142","    60","   109","    31","    87","   418","   746","    62","    74","   131","    60","   131","    78","    78","    41","   277","   108","   213","   207","   170","   328","   808","    49","   154","   211","    63","    55","    97","    55","    79","    97","    80","   573","    31","    45","    24","    67","    87","   182","    50","    73","    15","    61","   167","    46","   140","    72","    37","    69","    32","    54","    97","    59","    30","   224","    41","   168","    77","    53","   315","   102","    57","   424","  7949","   419","    72","   177","    75","    42","    72","    80","    82","    56","     9","   119","   139","    76","    75","    25","    43","    80","    43","   150","   283","   116","   136","    29","   187","     8","    38","    62","    69","    51","    10","    21"
"INSM1","    0","    3","    1","    5","   17","    4","    2","    3","    7","    6","   16","    7","    4","12470","    1","    4","19652","   23","   11","   17","    7"," 2186","   14","    2"," 4526","    1","    0"," 7858","    0","    1","   29","    2","   21","   22","   18","  346","   11","    4","    4","    4","   10","   68","    3","    3","    0","    4","    0","    9","    6","  114","  735","    5"," 3658","    8","    3","    6","   19","    0","   27","  452","    4","    4","   13","    3","    0"," 3870","   11","    7","    2","    2","    2","   21","    1","    0","    4","    8","   10","    0","    2","    2","  746","   15","    0","    7","    4","    0","    0","    3","   21","    2","    3","   14","    1","    3","    4","    4","   14","   17","    3","   18","    9","    2","    3","   40","   13","    9","    1","    4","    9","   11","    1","    6","   58","    8","    4","   36","    8","    2","  168","    2","    4","  310","  145","   19","    3","    1","    3","    5","    0","    5","   12","   23","    6","    3","   13","    6","    5","    3","    4","   29","   26","   19","    5","   53","    3","    7","    3","   28","    2","    1","    2","    1","   47","    2","    3","    2","    1","    2","    4","    3","   15","    4","   20","    0","    2","    9","    2","    9","    9","    1","   21","    8","    4","    4","   38","    0","   10","    7","   43","    6","   25","    9","   10","   28","   23"," 7591","    9","   10","   27","   15","    3","    1","    8","    5","    3","    6","    4","   11","   15","    1","    3","    3","   13","    7","    7","    4","   12","    1","    1","    5","    2","    3","   13","    1","  658","    5","    0"
"GALNTL6","  10","   3","   4","  10","   7","  16","  13","  49","  11","   9","   9","  51","  10","   2","   6","  22"," 553","  58","  14","  59","  40"," 170","   9","   5","  27","  87","   1","  38","   3","   6","  70","   6","  11","  22","  53","  51","  45","   6","  13","  17","   4"," 715","   9","  19","  14","  16","   3","  20","   2"," 171"," 101","   4"," 128","   2","  20","  39","  15","1321","  42"," 745","   4","  12","1212","  67","  11","  57"," 164"," 757","  21","   2","  16","  17","  22"," 166","  12","  19","  63","  13","  18","   5"," 327","   7","  19"," 234","  22","  13"," 413","   1"," 773","   3","   0","  11","   7","1178","  48","  16","  14","  28","  28","  61","   1","  25","1198","  92"," 433"," 326","1813","   1","  23","  13","   6","  47","   7","   7","   5","  60","  25","  84"," 251","   7","  46","  18","   5","   9","  41","   3","  24","  39","  61","   4","  21","  58"," 171","  26","  24"," 141"," 339"," 105","  15","  13","  35","  28","  35","  71","  28","   5","  72","  14","  88","  12"," 195","  17"," 488","  19"," 214","  20","  23","  22","  46","   2","  20"," 108"," 189","  70","  15"," 302","   5"," 267","  25","  10","  23","   8","  42","   7","   5","   0","   9","   4"," 686","  61","   6"," 163","  57"," 100","  45","  29","   9","  12","   8","  23","   2","  24","   7","  27","  49","   7","  14","  31","  37","   3","  10","   1","  11","  15","  74","   7","  10","   2","   4"," 227","   3","   1","  17","  28"," 203","  13","   5"
"OLIG3","  0","  0","  1","  0","  4","  0","  0","  0","  0","  0","  0","  0","  0","  0"," 58","  1","  2","  1","  0","  0"," 32","  0","  0","  0","  2","  0","  1","  0","  0","  0","  0","  0","  0","  0","  0","  0","  0","  0","  0","  0","  2"," 94","  0","  0","  0","  0","  1","  0","  0","  1","  0","  4","  0","  0","  0","  0","  0","  0","  4","  0","  0","  0","  0"," 11","  0","269","  0","  0","  0","  1","  0","  2","  0","  0","  0","  2","  0"," 13","  0","313","  0","  0","  6","  0","  0","  0","  0","  0","  0","  0","  1","  0","  0","  0","  0","  0","  0","  0","  0","  0","  0","  0"," 77","  0","  1","  0","  0","  0","  0","  0","  0","  0","  0","  0","  0","  0","  0","  0","  0","  0","  0","  3","  0","  0","  0","  0","  0","  0","  0","  0","  0","  0","  0","  0","  0","  0","  0","  0","  1","  0","  0","  0","  0","  0","  0","  0","  0","  0","  0","  7","  0","  0","  0","  0","  0","  0","  0","  0","  0","  0","  1","  0","  1","  0","  0","  0","  0","  0","  0","  5","  0","  0","  0","  0","  0","  0","  0","  0","  0","  1","  0","  0","  0","  0","  0","  0","  0","  0","  0","  0","  0","  0","  0","  0","  0","  0","  0","  0","  0","  0","  0","  0","  0","  0","  1","  0","  6","  1","  0","  0","  0","  1","  0","  0"," 10","  0","  0"
"CALML3","    5","   38","    1","    4","    4","   11","    9"," 4012","    7","    0","    0","   13","    1","    1","    5","    4","    1","    8","    2","    2","    0","   36","    4","    7","  133","    3","    1","   34","    2","    0","    8","    1","    6","    0","    7","  140","    0","   11","    9","    3","   20","   24","    4","    1","    1","    1","    1","    2","    1","   18","   11","    5"," 1449","    8","    2","    2","    9","    7","   32","  277","    0","    1","    4","    1","   79","    9","   50","    3","    5","    6","    0","   13","    2","    2","    0","    2","   21","    3","    0","   26","   13","    1","   44","    1","    6","    0","    0","    9","    0","    2","    4","   28","    2","  246","    1","  617","    7","    4","    7","    7","  142","    1","    8","  127","    3"," 1102","  159","    3","  126","    1","    0","    4","   32","   10","    4","  963","    1","    2","  874","    2"," 1662","  124"," 3657","   17","    3","    3","   14","    1"," 1049","25307","    1","    0","    0"," 1294","    4","    0","    8","   11","    8","    6","    5","   24","    5","    8","    0","    5","    0","   16","   14","    1","    6","    2"," 5739","    1","   16","    5","    0","   16","    4","   28","    5","    1","    8","    3","    2","    4","    2","    0","    1","   16","  163","    4","   47","    5","   11","    2","    1","   53"," 2750","    0","    2","   79","    2","   62","    2","   22","   10","    6","   11","    2","    1","    0","   11","    2","    3","    0","    9","   33","    2","    5","    3","    0","   74","   70","    1","    3","    8","   41","    5","    5","    3","    0","    1","    5","    5","   10","    0"
"LGALS7B","   3","   0","   4","   1","   4","   7","   5"," 762","   3","   3","  29","  49","  18","   0"," 135"," 156","   9","   6","  25","  18","   7"," 196","   5","   7","   4","  10","   1","   0","   4","   2","   3","   1","   7","  10","  17"," 871","   4","   2","  60","   0"," 125","1039","  79","   4"," 578","   9","   2","   8","  11","  24","  65"," 159","  19","   5","   8","   2","   3"," 510","  37","   6","  57","   5","  10","  11"," 336"," 160","   8","   1","   0","  11","   2","   7","   4","   3","   1","   7","  17","  12","   1","1951"," 335","   5","  24","   4","   7","   1","   1","   2","   0","   2","   2","   2","   1","  22","  20","  13","   0","   7","   1"," 642","  13"," 173","   1","   3","   6"," 486","   9","  36"," 138","   1","   2","  24","  27","  11","   7","   0","  11","   9","  53","   1","  96","  39","  22","   7","   2","  59","   3","  38"," 370"," 177","  27","   0","  22"," 157","  26","   2","   3","  14","   4","  14","   3","   4","  52","   7","  10","  20","   4","   0","   3","   0","   9","   0","  11","   1","   1","   4","   2","   2","  26","  71","  26","   4","   6","   1","   9","  11","   2","   9","   0","   1","   0","   8","   2","   2","  55","   6","  25","   1","  34","  59","  12","   9","   5","  10","   1"," 213","  14","   1","   1","   6","  10","   1","  13","   0","   4","   6","   1","  15","  29","   3","   8","   5","  50","   8","   2","   1","   1"," 137","  12","   6","   1","  11","  13","   4","   9","  19","   0"
"ZFP42","   0","   0","   2","  13","   0","   0","   0","   3","   0","   3","   4","  30","   0","   3","   0","   0"," 648","   2","   0","   0","   1","  77","   4","   2"," 962"," 276","   2","   0","   3","   5","   0","   0","   1","  22","  68"," 274","   4","   0","   6","   3","   1"," 424","   8","   2","   0","   0","   0","   0","2310","1495","   0","  64"," 640","   0","   0","   1","   2","  51","   4","   0","   0","   0","  94","   2","   1","  24"," 121","  40","   0","   0","   3","   4","   4","   0","  52","   0","   1"," 567","   0","  19"," 125","   1","  68","   0","   0","   0"," 899","   1","   0","   1","   1","   5","   9","4004","  31","   0","   7","   2","   1","   1","   4"," 170","   1","   1","  19","   1"," 338","1145","1015","   0","   2","   0","  10","   2","   0","   0","   1","   1","   3","   0","   6","   1","   4","   0","   5","   0","   1","1893","   0","   0","  41","   0","   1","   1","   2","   2","1086","   2","  14","   6","   9","   0","   1","   2","   3","   3","   1","   1","   1"," 169","   1","   6","  47","  25","  10","   2","   0","   1","   3","   1","   2","   6","   0","   0","   0","   6","   0"," 229","   4","   1"," 547","   1","   1","   0","   1","   0","  10","   0"," 104","   1","  21"," 105","   0","   0","  19","   2","   0","   0","   6","   2","   3"," 278","   3","   1","   0","   0","   1"," 138","   3","   1","  20","   0","   2","   0","   2","   0","   3","   0","   1"," 762","   2","   1","  10","   0","   0","   2","   0"
"LIPF","   0","   0","   2","   3","   0","   3","   0","   0","   0","   0","   0","   0","   1","   0","   3","   3","   1","   3","   0","   0","   1","   3","   0","   0","   0","   0","   0","   0","   2","   0","  11","   4","   0","   0","   0","   0","   1","   0","   2","   1","   0","   0","   2","   0","   0","   0","   0","   3","   0","   1","   0","   0","   0","   0","   1","   0","   1","   1","   5","   0","   0","   6","  44","   0","   2","   0","   0","   0","   1","   0","   0","   3","   2","   0","   0","   0","   0","   0","   0","   0","   0","   1","   0","   1","   0","   0","   0","   0","   0","   1","   0","   0","   0","   3","   2","   0","   1","   0","   0","   2","   0","   0","   0","   0","   0","   1","   1","   0","   1","   0","   0","   0","   0","   0","   0","   0","   2","   0","   0","   0","   0","   0","   0","   3","   0","   1","   0","   1","   0","   0","   1","   0","   0","   0","   0","   0","   0","   0","   0","   0","   0","   0","   3","   0","   0","   0","   0","   1","   0","   1","   0","   0","   0","   2","   0","   6","   0","   0","   1","   0","   1","   0","   0","  63","   0","   1","   0","   0","   0","   1","   1","   7","   0","   1","   0","   0","   1","   0","   1","   0","   3","   3","  85","7987","   2","   0","   0","   0","   1","   0","   0","   0","   1","   0","   0","   1","   0","   0","   0","   0","   0","   0","   0","  64","   1","   0","   0","   1","   0","   0","   1","   0","   0","   1","  25","   0","   0"
"TEX19","   7","  12","   5","   7","   5","   4","   1","   0","   1","1636","  10","   0","   2","  41","  32","   5","  11","   1","   2","   1","   0","  69","   3","   3","   4","   1","   0","  69","   0","5685","   1","   9","  10","   0","   0","   3","   2","   1","   8","   0","   4","   0","   1","  17","   0","   1","   1","   3","  27","   0","   1","   6","  23","   0","   0","   1","   1","   3","   5","   9","   3","   2","   1","   2","   3","  17","  36","   1","   3","  26","   0","   2","   2","   4","   4"," 617","   0","   3","   2","   4","   7","  10","  28","   0","   2","   2","   1"," 315","   1","   3","   8","   0","   0","   0","   0","   2","   1","   0","   0","   0","   1","   2","   0","  13","   0","   4","   1"," 472","   2","   0","   1","   7","   0","   1","   6","   6","   0","   3","   2","   0","   0","   7","   0","   0","   9","   6","   1","1420","  30","   0","   0","   2","   0","   1","   0","   4","   5","   7","   1","   3","   1"," 378","   0","   1","   2","   2","   0","  17","   0","   5","   6","   1","   4","   0","   0","   0","   0","   4","   1","   0","   9","   0","   4","   0","   1","   8","   0","   2","   1","   2","   4","   2","   2","  13","   0","   0","   1","   6","   2"," 308","   3","   6","   1","   0","   0","  67","   5","   8","   0","  48","   8","   0","  17","   3","  14","   0","   0","   9","   0","   0","  13","   5","  45","   3","   3","   0","   9","  18","   4","   0","  13","   0","  12","   1","   5","   0","   0"
"EPGN","   0","  13","   0","   0","   1","   4","  11"," 235","   1","   0","   2","  12","   2","   0","   2"," 129","  21","   3","   0","   6","   5","   0","   6","  15","  24","   1","   3","   3","   6","   6","   2","   0","  36","   3","   8","   6","   9","   1","  17","   6","   1","   1","   9","  10","   2","  11","   2","   3"," 285","   3","  10","   0","   3","   2","  10","   1","   1","   0","   0","  17","   4","   0","   0","   6","  92","   2"," 220","   4","   5","   1","   0","   6","   0","   1","   5","  26","  16","1938","   4","   3","   7","   0","   2"," 782","   2","   2","   7","   0","  77","1779","   0","   4","   2","   0","  16","   4","  27","  47","   3","   7","  38","   9","   5","  47","   3","  89","   1","   7","  14","   5","   1","   2","   3","   8","   3","   1","   0","   0","   7","   2"," 112","   0","   3","   2","   4","   3","   9","  10","   0","   3","   3","   8","   2","  21","   1","   2","   1","   7","   0","   2","  16","   0","   5","   7","   3","  14","   0","   0","   2","  12","   1","  22","   0","   6","   0","   4","   0","   3","  35","   2","  15","   3","  12","   1","   0","  20","   3","   8","  26","   8","   0","   3","   1","   1","  22","   3","   2","   9","  24","   1","   3","   0","   4","   0","   5","   1","   1","   0","  10","  35","   2","   0","   1","   0","  25","   3","   6","   3","  70","   2","   1","   0","   1","   6","   5","   2","   7","   0","   2","   0","  14","   1","   6","   3","  30","   5","   2"
"MUC6","    26","    99","     2","    38","    69","    10","    49","    23","   244","    21","     3","    58","     2","     1","   134","  5364"," 14688","   107","    53","    50","  4170","    42","    19","    13","    46","    25","     9","    27","    11","     8","   127","    53","    47","    22","   305","    41","    39","    47","    18","    25","    40","     3","    18","     1","  9469","    14","     1","    32","    15","    81","  1484","    83","    51","    15","    91","    13","    17","  4049","    57","   101","     7","     9","  7432","    45","    30","    29","    23","    16"," 52905","    41","    18","    44","   566","   573","   513","    83","    10","    16","     3","  1260","    50","    13","     9","     7","   101","    13","    23","     8","   503","    99","    40"," 14077","     2","    29","   128","   427","    25","     1","    14","    13","     0","     4","   938","     2","   187","  2756","   274","     1","  1530","     8","     0","    16"," 14006","    25","    56","   239","   112"," 59639","  1376","   149","     6","   159","    68","    13","   123","     6","    20","    65","    10","     8","    13","    11","     5","   277","     2","    81","    46","     9","   517","    45","    13","     1","    29","    30","    11","    10","    50","    37"," 36692","     3","    26","    49"," 11278","    57","  3838","    21","    13","    35","    38","   753","    39","  9347"," 41003","    11","    34","   127","     4"," 22106","   111","    17","    18","     8","     9","     3","     9","     0","    65","    24","    83","    56","    27","    43","446010","291207","    34","    47","    66","    42","    13","    53","     5","     9","    50","    49","    41","     2","     8","    56","     2","    12","    42","     3","    69","     9","    27","     7","    11","    11","     4","  1787","     0","     9","    31","   152","    64","     9","     0"
"KRT14","    90","     5","    16","   221","    23","    25","     1","  4627","   256","     0","    17","    18","     6","    11","    17","    10","    27","   929","     8","    24","     1","     1","   602","   362","     1","    13","    39","   142","    22","     5","     5","     8","    22","     2","    12","   172","    83","   304","    10","     4","   176","    35","    56","    89","     0","    15","    41","    31","     8","     4","    11","   104","    18","    57","    72","     8","    24","     1","    80","     0","    23","    41","    62","     3","   532","     6","     7","     2","   210","     0","     2","    81","    11","     9","     8","     5","   900","     0","     2","     8","     4","   380","  1039","     9","    12","     7","     4","     8","     3","  1862","    18","    48","    14","     3","   262","  7621","     3","   116","    15","    65","    32","    44","     3","     7","    14","    35","     0","  2411","    42","   537","     0","    24","    56","    41","    39","     0","    35","    12","     7","     1"," 10968","     5","     8","     7","    23","     6","    26","     5","     0","   174","    34","     3","     5","163257","    71","     1","     4","  1105","   441","    46","  7334","    16","   202","   245","    17","     3","     0","    11","   145","     1","     4","     7","     5","    24","    41","     2","  4949","    37","    11"," 19326","   697","     6","     0","     0","    31","     7","   154","     7","     1","     2","    46","     4","   123","     4","   178","    30","    18","    14","    12","    39","    13","     0","    49","   327","    16","     2","    35","    11","   497","    21","    16","     3","     6","    30","     0","   102","   909","     0","     5","     2","     4","     5","   261","  1177","   179","    58","    24","     1","   294","  1801","     0","     4","    43","    14","     0","    23","     1"
"CLEC2A","   1","   0","   0","   0","   0","   0","   1","   2","   0","   0","   0","   3","   0","1270","   0","   2","   0","   0","   0","   0","   0","   0","   0","   0","   0","   0","   0","   0","   0","  11","   0","   0","   0","   0","   0","1453","   0","   0","   0","   0","   0","   0","   2","   0","   1","   0","   1","   0","   0","   0","   0","   0","   0","   2","   1","   1","   2","   1","   1","   0","   0","   0","   0","   0","   1","   0","   0","   1","   0","   0","   0","   0","   0","   0","   0","   0","   3","   1","   0","   0","   1","   0","   0","   1","   8","   0","   0","   0","   0","   0","   0","   0","   1","   0","   1","   0","   1","   0","   0","   0","   2","   0","   0"," 237","   1","   0","   1","   0","   0","   4","   1","   0","   0","   0","   2","   0","   2","   0","   0","   0","   2","   1","   0","   0","   0","   0","   0","   2","   3","   0","   0","   3","   0","   1","   1","   0","   1","   2","   0","   0","   4","   1","   3","   3","   1","   0","   0","   0","   0","   0","   0","   0","   0","   0","   0","   1","   0","   0","   0","   0","   0","   0","   0","   0","   0","   0","   0","  64","   0","   0","   1","   0","   0","   0","   0","   0","   0","   0","  11","   0","   0","   1","   0","   0","   0","   1","   0","   0","   1","   0","   0","   0","   4","   0","   0","   1","   0","   0","   1","   0","   0","   1","   0","   0","   2","   0","   0","   1","   0","   1","   1","   0","   0","   3","   0","   2","   0"
"SLC15A5","  0","  2","  1","  0","  0","  0","  0","  0","  0","  2","  1","  2","  0","  0","  6","  2","  9","  7","  1","  0"," 31","  3","  2","  0","  0","  2","  2","  1","  0","  0","  0","  2","  8","  0","  2","  0","  0","  0","  2","  6","  4","  4","  0","  2","  0","  0","  0","  0","  0","  7","  0","  0","  5","  1"," 12","  3","  4"," 22","  0","  1","  0","  0","  0","  1","  7","  5"," 11","  1","  0"," 28","  0","  0","  1","  0","  1","  3"," 10","  0","  0","  2","  4"," 10"," 12","  2","  1","  0","  0","  1","  0","  1","  3","  0","  1"," 18","  7","  0","  1","  0","  2","  1","  0","  0","  0","  0","  0","  5","  4","  7","  1","  1","  0"," 33","  2","  1"," 11","  3","  1","  0","  1","  1","  0","  0"," 17","  0"," 10","  1","  1"," 14"," 83","  0","  1","  9","  5","  0","  0","  1","  1","  9","  1","  0","  1"," 12"," 13","  7","  0"," 56","  4","  7","  0","  1","  2"," 12"," 15","  1"," 17","  2","  0","  1","  2","  0","  0","  0"," 23"," 14","  0"," 16","  0","  0","  0","  3","  0","  1","  1","  1","  0","  3","  0","  1"," 11","  0"," 37","  5","  1"," 12","  5"," 12"," 10","  2","  0","  0","  0"," 12","  1","  9","  1","  0","  0"," 37","  1","  0","  0","  1","  1","  0"," 10","  1"," 24"," 61","  0","  0","  0","  2","  9","  2","217","  0"," 16"
"CGB5","    5","    0","    0","    3","    1","    0","    3","    7","   16","    0","   44","    2","    0","    0","    0","    0","    0","    7","    0","    0","    1","   29","   13","    1","    0","    0","    7","    3","    0","    0","    0","    0","    0","    0","    0","    2","    1","    0","    1","    0","    1","    0","    0","    0","    0","    1","    0","    0","   34","    2","    1","    3","    4","    4","    1","    2","    0","  104","   33","    0","    0","   62","    0","    0","    0","    0","    0","    0","    8","    0","    0","    2","    0","    0","    0","    5","    1","    0","    0","    0","    0","    3","    2","    0","   17","    0","    0","    0","    0","    4","    0","    2","  545","    0","    1","    0","    0","    1","    2","   10","    1","    1","    0","    0","    0","    1","    0","    0","    1","    0","    0","    1","   38","    0","    0","    0","    5","    3","    0","    0","    0","    1","    5","    3","    5","    3","    0","    7","    0","    0","    8","    0","    4","    1","    4","    0","    0","   68","    0","    2","    2","    0","   47","    0","    6","    0","  283","    0","    2","    0","    1","    0","    0","  269","    8","  181","19411","    0","    1","  131","    5","    0","   24","    0","    0","    1","    1","    0","    0","    2","    0","    0","    0","    0","    0","    0","    4","    0","    0","   64","    0","    0","    0","    2","    5","    1","    3","   40","  111","   11","   60","    1","    7","    2","    0","    0","   11","    1","    0","    1","    0","    0","    0","    0","    3","    0","    0","    2","    1","   63","    0","    0","    1","    0","    0","    1","    0"
"CYP2B6","    2","    3","   10","   17","    4","   10","    1","   19","    0","    0","    4","    1","    1","    5","    4","    6","   52","    3","  113","    2","    4","    0","    0","    0","    1","    2","   12","    0","    3","    0","   41","    3","    0","    0","   83","    0","   13","    1","    5","    0","  137","    0","    1","    1","    2","   10","    4","    3","    0","    3","    0","    8","    5","    0","    1","    9","   19","   13","    5","    2","    0","   10","    2","   40","   10","    0","    4","    3","    2","    0","    2","    6","    0","    0","    3","    4","    4","    5","    5","    8","    1","    9","    2","    7","    2","    0","    3","    1","   64","    4","    0","    4","    1","    3","    9","   17","    7","    2","    0","    0","    2","    0","    0","    1","    2","    0","    8","   14","    4","   27","    1","    6","   62","    2","    2","   20","   18","    5","    5","    4","   76","    1","    5","   16","    8","    3","    0","   26","    1","    1","    4","    1","   10","   63","    1","    9","    0","    4","   39","    5","   10","    2","   33","    0","    1","   11","  121","    2","    0","    3","    0","    0","    0","    8","    3","    5","    7","   78","  112","    0","   16","    7","    3","    0","    6","    2","    2","    6","    0","   78","    0","    1","    0","    0","    3","    0","   34","    1","    1"," 1185","    1","   43","    1","    3","  105","    1","    1","   42","    0","    2","    2","    1","  842","    2","    3","    0","    3","    5","    2","    5","    1","    8","    2","    2","    0","    0","    2","   48","    4","  709","15305","    0","   32","    9","    2","    2","    1"
"ATP11AUN","   6","   0","   0","   5","   0","   3","   9","   1","   1","   0","   2","   3","   2","   0","  54","   2","   2","   8","   0"," 206","   2","   4","   0","   0","   0","   1","   1","   0","   0","   3"," 222","  12","   0","   2","   1","   0","   3","   5","   0","   0","   9","   1","   0","   0","   0","   0","   1","   9","   5","   0","   0","   1","   6","   0","   1","   1","   0","   3","   3","   4","  16","   7","   1","   0","   2","   4","   0","   6","   6","   0","   4"," 243","   2","   3","   6","   0","   1","   0","   3","   1","   5","   0"," 509","   1","   0","   0","   6","  10","   2","   3","   3","   1","   0","   1","  42","   2","   1","   0","   0","   1","   2","   0","  13","   2","   0","  13","  15","   0","   5","   0","   1","   8","   4","   2","   6","   1","   2","   2","   2","   2","   0","   1","   1","   0","   3"," 306","   1"," 691","   0","   0","   0","   1","   2","   0","  35","   2","  10","   1","   1","   5","   0","  59","   0","1007","   0","   1","   4","   1","   1","   0","   1","   6","   0","   2","   1","   3","   1","1210","   1","   2","  79","   0","   7","   6","   0","   0"," 327","  80","   3","   8","  11","   3","   1","   3","   1","  48"," 772","   1","   3","   2"," 636","   4","   1","   1","   1","   3","  20","   3","   1","   0","   0","   0","   0","   3","   3","   6","   2","   3","   5","   1","   0","   1","   9","  12","   0","  15"," 337","1956","2667","   0","   0","   0","   2"," 738","   0","   1","   0"
"SPRR2E","   1","   0","   0","   1","   3","   0","  38","   0","   0","   0","   0","   0","   0","   0","   0","   0","   0","  16","   0","   0","   0","   0","   1","   1","   0","   0","   0","  15","   2","   1","   1","   0","   0","   1","   0","   0","   3","   6","   0","   0","   0","   0","   0","   0","   0","  10","   1","   3","   3","   0","   0","   1","   0","   0","   2","   0","   0","   0","   4","   1","  94","   0","   2","   0","   3","   1","   0","   0","   4","   0","   0","   0","   0","   0","   0","   0","   2","   0","   5","   0","   0","   0","  34","   0","   0","   0","   2","   1","   0","   3","   0","   6","   0","   0","   1","   0","   0","  61","   2","   0","   0","   0","   0","   0","   0","   0","   0","   2","   2","  14","   0","   0","   2","   8","   1","   0","   3","   0","   0","   0","1835","   0","   0","   0","   0","   0","   4","   0","   0","  68","   1","   1","   1","8194","   0","   0","   0","   0","   1","   0"," 157","   0","   0","   2","   0","   0","   1","   1","  15","   9","   0","   2","   0","   0","   0","   0","   1","   0","   0"," 124","   0","   0","   0","   0","   0","   0","   3","   0","   2","   0","   1","   0","   3","   0","  37","   0","   0","   0","   2","  46","   0","   0","   0","   0","   0","   0","   0","   0"," 406","   0","   0","   0","   0","   1","   2","   0","   1","   0","   0","   0","   0","   0","   1","  63","   0","   0","   1","   0"," 955","   0","   0","   0","   0","   0","   0","   0","   1"
"RIPPLY2","  0","  0"," 46","  1","  3","  0","  0","  0","  0","  6","  0","  0","  1","140","  1","  8","140","  0","  0","  0","  0"," 70","  0","  0"," 31","  0","  0","106","  0","  0","  1","  1","  7","  2","  0"," 23","  0","  1","  0","  0","  0","  0","  4","  0"," 52","  0","  0","  0","  2","  0","  6","  6"," 52","  0","  0","  0","  0","  2","  2","  0","  0","  0","  0","  9","  0"," 76","  4","  0","  0","  0","  0","  2","  0","  0","  1","  2","  0"," 12","  0"," 52","  4","  0","  0","  0","  0","  0","  1","  0","  0"," 37","  0","  1","  0","  0","  2","  9","  0","  2","  1","  1","  1"," 97","  0","  2","  4","  0","  0","  0","  0","  0","  0","  0","  0","  0","  0","  0","  0","  0","  3","  2","  2"," 19","  6","  0","  2","  0","  1","  0","  1"," 90","  0","  0","  0","  1","  3","  0","  0","  0","  1","  1","  1","  3","  1","  0","  1","  0","  0","  1","  0","  1","  0","  0","  2","  0","  0","  0","  0","  0","  0","  0","  0","  0","  0","  0","  0","  0","  0","  0","  0","  0","  0","  0","  2","  0","  0","  1","  1","  0","  0"," 60","  0","  3","  0","  1","  0"," 66","  0","  0","  2","  0","  1","  0","  0","  0","  0","  0","  0"," 11","  0","  0","  0","  0","  0","  0","  0","  0","  0","  0","  0","  0","  0"," 11","  0","  0","  0","  0","  0"
"CD177","    51","     5","    17","    28","    50","    71","    16","    38","    37","     1","   157","   116","     3","     5","     3","    56","  1133","    72","    26","   170","    26","    15","    61","    27","    37","    33","     8","     3","    13","    15","    57","    89","    65","  6041","    97","   254","   318","    74","    86","  4780","    24","    13","    94","    13","    14","    29","    13","   142","    15","    48","   563","    22","    39","    51","    71","   121","    41","   772","    97","    54","     6","    14","   142","  7422","    10","     8","    57","   124","   271","     4","    21","    26","    44","   111","     9","    61","   396","    10","    10"," 18120","    28","  1652"," 10985","  8067","    61","    16","   135","   108","    37","    30","    23","    55","    32","   353","   117","   245","    18","   104","  1377","    30","    38","    12","     3","    16","   105","    57","    16","198603","    22","    59","    14","    16","   105","    26","    15","     4","    72","    91","    42","   383","    21","    94","    11","    32","    83","    25","    14","    42","   983","   229","   174","    26","    19","   329","    74","   713","    36","    30","     4","    52","    83","    89","   230","   151","    16","   127","    14","    40","   362","   256","    18","   296","    39","    37","    29","    15","    57","    34","     0","   369","    66","    12","  8543","    18","   188","    26","    80","   357","   107","    15","    40","    22","     6","    24","    71","    71","    44","    19","  5388","    98","    15","    10","  1589","    29","    30","     7","   174","    91","   169","    25","    79","    31","    15","    34","    41","     8","    42","  2687","    94","    33"," 12402","    17","   173","    88","    67","    49","   188","   309","   146","    18","    35","    24","    68","   900","     3","    13","    13"
"KRT81","  182","   11","   51","   45","   55","   32","   52","   41","   20","   48","   30","   38","   28","    6","  777","20685","   25","  177","   37","   55","  321","    7"," 6547","   23","   22","  107","  378","   21","  138","  562","   16","   45","  109","   70","   80","  991","   20","   25"," 4509","   28","   65","   30","12642","   22","   47","   11","    1","   27","  394","  108","  100","  813","   57","  477","   59","   20","  104","  243","   63","   47","   19","    7","   27","   89","  118","   47","   72","   22","  422","   28","   10","   35","    5","   30","   16","25140","  800","  454","   33","  454","    4","  115"," 2969","   92","  122","    5","   26","   40","    4","  328","   19","   11"," 5661","   33","   38","  118","   21","  447"," 2512","  132","    3","   15","  216","   11","   19","   38","   67","47646","   56","  140","   64","   91","   50","   30","  214","    4","   30","  159","   51","    4","    9","   34","   13","   11","  322","   23","   18","  274","   41","   25","  721","   13","   42","  106","  622","   70","   80","  229","  148","  264","   39","    6","  730","   25","   20","   17","   65","   41","  169","  133","   56","   21","    9","   51","  144","  124","   26","   58","   83"," 4711","   72","    2","  282","   57","   40","  110","   89","   70","   29","    6","   82","   37","   40","   39","   30","   26","   75","    8","    7"," 1178","    5","   74","    4","   14","  173","   56","   60","   93","    9","   35","    3","   47","   27","   15","   80","    7","    5","   22"," 9619","   25","  126","   44","   60","   14","   23","   25","   70","    3","   95"," 6248","   42","   38","   68","   65","    4","   36","    1"
"MUC5AC","     7","     1","   197","     4","   867","  1676","    66","    61","     7","     2","    39","   606","     0","    13","   403","  1453","   828","   983"," 29246","    39"," 23249","    29","    43","   434","   240","     3","     1","   148","    20","  7049","   367","    52","   106","     3"," 17924","    69","   454","    25","    72","    75","   768","   794","   198","    87","    47","   912","   843","    42","     2"," 12472","   987","  2172","   154","     6","   126","     8","    30","   313","   475","   175","     7","    26","  3463","  2822","     9","  1140","   150","   217","   555","    12","   317","   127","    11","  1987","     3"," 18814","  5020","    51","    34","   400","    22","    25","    13","   572","    12","   348","  1133","    10","  3899","   390","   328"," 26410","    14","    35","    34"," 36925","     5","    47"," 24887","    74","    19","    49","    40","     9","  2131","153437","    63","    39","    63","     2","     3","147558","111580","   219","   113","    80","   412"," 93482"," 38098","  8950","    79","     6","   357","   188","  2643","    13","     7","    15","    13","     5","    62","     1"," 49988","  1706","    44"," 51396","    87","     3"," 13274","    64","   279","   320","   292","     6","    91","  1144","   198","     6"," 42244","     1","  1390","     6","   270","     0","   252","     2","   211","     1","    39","  8400","   230","163387","  3928"," 23208","    38"," 17503","     1","  2090","    33","    18","     1","    15","    37","    24","   158","    27","   247","  2264","   160","  1220","    97","  2846"," 42689","  1312","    70"," 48541","   104","     2","    18","   817","   138"," 35513","     9","    47","   317","     7","     4","    93","   435","   803","    47","    66","    87","    11","     3","    32","    91","   960","    48"," 18644","     0","    13","     7","     2","     5","   169","     2"
"UBE2QL1","  49","   4","  46"," 462"," 118","  60","   8","  28","  29","  50","  84","  21","  49","1503","  14","  16","4149","  54","   9"," 119","  14","  31","  43","  32"," 609","  36","  17","1179","  14","  61"," 100","   3","  56","  62","  46","3020","  56"," 118","  29","  12","  69","  11"," 376","  36","  16","  29","   9","  95","  39","  11","  23","  76"," 506","  20"," 230","  55","  70","  24"," 119","  34","   6","  25","  42","   4","  20","  20"," 186","  30","  43","  12","   9","  59","  12"," 155","   9","  26"," 522","   7","  17","  79"," 145","  93","  25"," 259","  84","  43","  12","  67","  60","1527"," 163","  21","  24","1505","  33","  18","   8"," 108"," 269","  27"," 151","  45","  21","  18","  62","  79","   8"," 138","  22","  51","  55","  36","  21","  24","  10","   0","  19"," 179","  64","  39","   7","  24","  33","  44","  61","  37","  37","  53","  11","   3","  41","  20","  31","  39","  82","   8","  45"," 484","  84","  87"," 348","  89"," 250","  47","  24","  67","  20","  74","  14","  46","   2","  28","  20","  42","   4","  47","  26","   8","  33","  92","  96","  10","  30"," 112"," 191","  62","  26","  14","  14","  12"," 140","  25","  11"," 136"," 322","  45","  27","  15","  46","  57","  13","  28","  83"," 109","  48","   2"," 408","   6","  25","  26","   5","  41","   8","  80","   9","  36","  22","  48","  57","  15","  15","  85"," 115","   3","  15","  49","  65","  35","  35"," 103","   5","  72","  18","  75","   3","  32","  10"
"RPTN","   0","   0","   7","   1","   0","   1","   0","   0","   0","   3","   0","   2","   0","   0","   0","   0","   0","   2","   0","   0","   0","   0","   0","   0","   0","   0","   1","   0","   1","   3","   0","   1","   0","   0","   0","   0","   2","   0","   0","   0","   0","   0","   1","   0","   0","   0","   0","   0","   0","   0","   0","   6","   0","   1","   0","   1","   0","   0","   0","   0","   0","   0","   0","   0","   0","   0","   0","   0","   2","   0","   0","   0","   0","   0","   0","   1","   0","   1","   0","   0","   0","   0","   0","   5","   3","   0","   0","   0","   0","  94","   0","   8","   1","   0","   0","   0","   1","   2","   1","   0","   0","   0","   0","   0","   2","   0","   1","   0","   0","   1","   0","   0","   0","   1","   0","   0","   0","   0","   1","   1","1058","   8","   0","   2","   1","   0","   0","   0","   0","  12","   0","   1","   0"," 238","   1","   0","   0","   1","  10","   0","  13","   0","   0","   5","   0","   0","  12","   0","   7","   0","   0","   0","   0","   0","   1","   0","   1","   0","   0","  56","   0","  19","   0","   0","   0","   0","   0","   2","   0","   0","   0","   0","   0","   0","   0","   0","   0","   0","   0","   0","  14","   0","   0","   0","   8","   0","   0","   1","   1","   1","   0","   0","   0","   2","   0","   1","   2","   0","   1","   0","   0","   0","   1","   3","   0","   1","   6","   0","   3","   0","   0","   0","   1","   0","   0","   0","   0"
"PSG3","    1","    7","  297","    0","    1","    0","    0","    6","    0","  187","    0","    0","    0","    0","    2","    2","    0","    0","    1","    0","    0","    0","    0","    6","    0","    0","    0","    0","    0","    3","    1","    0","    1","    1","    0","    0","    0","    0","  249","   49","    0","    0","    0","   74","    0","   44","    0","    0"," 5997","    0","    0","    0","    0","    3","    1","    0","    0","    0","    0","    0","   21","    0","    0","    0","    0","    0","    0","    1","    0","    0","    0","    0","    0","    0","    0","    2","    0","15135","    1","    0","    0","    1","   31","    0","    0","    0","    0","    2","    0","   29","    0","    0","    0","    0","    0","   10","    0","    1","    3","    0","    0","    4","    0","    0","    0","    0","    0","  444","    6","    0","    0","    0","    0","    2","    0","    0","    0","    0","    0","    0","    3","    0","    5","    0","   15","   11","    0","   76","    0","    0","    1","    0","    0","    0","    0","    0","    0","    3","    0","    0","    1","    0","    0","    0","    0","    0","    0","    0","    0","    0","    1","    0","    0","    0","    0","    0","    1","    1","    3","    0","    0","    0","    0","    0","    0","    0","    0","    0","    0","    0","    0","    1","  411","    0","    0","    0","    0","    0","    0","   21","    0","    0","    0","    0","    0","    0","    0","    0","    7","    0","    0","    1","    3","    0","    0","    1","    0","    6","    8","    0","    0","    0","    2","    0","    3","    1","    0","   21","    1","    0","   53","    0","    0","    0","    2","    1","    0"
"PSG1","   13","    0","    2","    0","    3","    0","    0","    1","    0","    0","    1","    0","    0","    0","    1","    0","    2","    0","    0","    0","    0","    0","    3","    1","    0","    0","    0","    0","    0","    0","    0","    1","    0","    6","    0","    1","    1","    0","  593","   13","    0","    0","    0","   18","    0","    0","    0","    0","15053","    0","    0","    0","    0","    0","    0","    0","    0","    2","    0","    0","    2","    0","    0","    0","    0","    2","    0","    0","    0","    0","    0","    0","    0","    0","    0","   97","    6","  161","    0","    1","    0","    0","    0","    4","    2","    0","    0","    0","    0","    8","   11","    0","    0","    0","    0","    0","    0","    7","    0","    0","    0","    0","    0","    0","    0","    0","    0","    1","    6","    0","    0","    0","    0","    1","    0","    0","    0","    0","    0","    0","    0","    0","    0","    1","    1","    0","    0","    0","    4","    0","    0","    0","    0","    1","    1","    0","    0","    0","    0","    0","    0","    0","    1","    0","    0","    3","    0","    7","    0","    0","    0","    1","    2","    0","    0","    0","    0","    0","    0","    0","    0","    0","    0","    0","    1","    0","    0","    0","    1","    1","    0","   10","    2","    0","    0","    0","    0","    0","    2","   19","    0","    0","    0","    0","    0","    0","    0","    0","    0","    0","    0","    0","    0","    0","    0","    0","    0","   12","    0","    0","    1","    0","    0","    0","    0","    0","    0","    0","    0","    0","    1","    0","    0","    4","    0","    0","    0"
"C20orf141","  0","  0","  2","  0","  4","  0","  2","  0","  0","  0","  0","  1","  0","  0","  0"," 10","  0","  0","  0","  0","  0","  0"," 15"," 31","  0","  0","  3","  0","  0","431","  0","  0","  9","  0","  0","  0","  1","  0","  5","  2","  4","  0","  0","  4","  3"," 15","  0","  1"," 12","  0","  0","  6","  0","  1","  7","  0","  0","  0","  0","  0","  0","  1","  1","  0","  1","  0","  0","  0","  0","  0","  0","  1","  0","  0","  0","  3","  0","  4","  0","  0","  0","  0","  1","  0","  3","  0","  1","  1","  0"," 37","  0","  0"," 48","  0","  1"," 27","  0"," 12","  3","  1","  0","  2","  0","  0","  0","  2","  0"," 11","  0","  0","  3","  0","  0","  0","  0","  0","  0","  1","  0","  1","  0","  0","  0","  0","  9","  1","  0","  0","  0","  0","  0","  0","  0","  4","  0","  0","  0","  0","  2","  0","  2","  0","  0","  0","  0","  0","  0","  1","  2","  0","  1","  0","  0","  0","  0","  0","  1","  0","  2","  0","  3","  0","  1","  0","  0","  1","  0","  0","  0","  0","  1","  1","  3","  0","  1","  0","  0","  0","  0","  0","  0","  0","  0","  0","  0","  0","  1","  0","  4","  4","  0","  0","  1","  2","  1","  0","  0","  0","  0","  1","  0","  0"," 29","  0","  0","  0","  0","  0","  0","  0","  8","  2","  1","  0","  0","  0","  0"
